keyword,locale
"M42 to 1.25""",sl
DS3231 AT24C32 IIC,sl
"M42 to 1.25""",hu
DS3231 AT24C32 IIC,hu
akvarijska črpalka dc,sl
anime poster art decor,sl
vakuumske vrečke za vzglavnik,sl
Feetech FS90R RC Servo,sl
sim800c,sl
elm 327,sl
minisliber til smykkefremstilling,dk
ardupilot,sl
Pielii Titularul de Acoperire,ho
Noua Baterie de Laptop pentru,ho
YOOSKE,sk
YOOSKE,cz
WOSTU,sk
WOSTU,cz
Alisouy,sk
Alisouy,cz
ATTAGEMS,sk
ATTAGEMS,cz
POEDAGAR,sk
POEDAGAR,cz
OLEVS,sk
OLEVS,cz
Sigzagor,sk
Sigzagor,cz
GENIELASH,sk
GENIELASH,cz
ZODVBOZ,sk
ZODVBOZ,cz
VTAVTA,sk
VTAVTA,cz
leeons,sk
leeons,cz
INKERSI,sk
INKERSI,cz
YHAMNI,sk
YHAMNI,cz
ugupgrade,sk
ugupgrade,cz
